image,dest
/images/0_CB054775.jpg, 
/images/0_56807790.jpg, 
/images/0_74053.jpg, 
/images/0_200396615-001.jpg, 
/images/0_10166429.jpg, 
/images/0_BXP44507.jpg, 
/images/0_506003.jpg, 
/images/0_133796084.jpg, 
/images/0_129449164.jpg, 
/images/0_143993928.jpg, 
/images/0_109326613.jpg, 
/images/0_120-RV45466.jpg, 
/images/1_113774074.jpg, 
/images/0_10747198.jpg, 
/images/0_dv1581010.jpg, 
/images/0_sb10065333q-001.jpg, 
/images/0_19892366.jpg, 
/images/0_55844983.jpg, 
/images/0_112028.jpg, 
/images/0_55844130.jpg, 
/images/0_ISP2043332.jpg, 
/images/0_AA029948.jpg, 
/images/0_corbis1-00036771-001.jpg, 
/images/0_129907422.jpg, 
/images/0_RL002220.jpg, 
/images/0_57577154.jpg, 
/images/0_110471930.jpg, 
/images/0_55845380.jpg, 
/images/0_141810206.jpg, 
/images/0_22106.jpg, 
/images/0_108348556.jpg, 
/images/0_ASP0015B.jpg, 
/images/0_113427856.jpg, 
/images/0_55845393.jpg, 
/images/0_111033.jpg, 
/images/0_1556R-0212.jpg, 
/images/0_CB011371.jpg, 
/images/0_28262.jpg, 
/images/0_112016.jpg, 
/images/0_55843466.jpg, 
/images/0_200457416-001.jpg, 
/images/0_108192115.jpg, 
/images/0_85213951.jpg, 
/images/0_102923370.jpg, 
/images/0_59767132.jpg, 
/images/0_71263343.jpg, 
/images/0_145592381.jpg, 
/images/0_FSP0038B.jpg, 
/images/0_DME0016E.jpg, 
/images/0_200485858-001.jpg, 
/images/0_55845366.jpg, 
/images/0_57339854.jpg, 
/images/0_AVA_059R.jpg, 
/images/0_108316260.jpg, 
/images/0_120-QQV4JL.jpg, 
/images/0_200399470-001.jpg, 
/images/0_14957539.jpg, 
/images/0_16174.jpg, 
/images/0_118107033.jpg, 
/images/0_42-23811825.jpg, 
/images/0_125089.jpg, 
/images/0_113044.jpg, 
/images/0_120299663.jpg, 
/images/0_200557198-001.jpg, 
/images/0_18078358.jpg, 
/images/0_1598R-10072222.jpg, 
/images/0_55843467.jpg, 
/images/0_57637749.jpg, 
/images/0_125107814.jpg, 
/images/0_113454799.jpg, 
/images/0_155354158.jpg, 
/images/0_werf-00067456-001.jpg, 
/images/0_155129398.jpg, 
/images/0_73867900.jpg, 
/images/0_120-F273365R.jpg, 
/images/0_16363867.jpg, 
/images/0_51321.jpg, 
/images/0_200366431-001.jpg, 
/images/0_71809246.jpg, 
/images/0_71809318.jpg, 
/images/0_112301495.jpg, 
/images/0_BXP137169h.jpg, 
/images/0_75407431.jpg, 
/images/0_LS019461.jpg, 
/images/0_127446605.jpg, 
/images/0_10179299.jpg, 
/images/0_E007764.jpg, 
/images/0_155602425.jpg, 
/images/0_108638090.jpg, 
/images/0_126579377.jpg, 
/images/0_131097125.jpg, 
/images/0_CEU019B.jpg, 
/images/0_200177063-001.jpg, 
/images/0_51246.jpg, 
/images/0_dv676082.jpg, 
/images/0_55845346.jpg, 
/images/0_146509464.jpg, 
/images/0_34522522.jpg, 
/images/0_CB064577.jpg, 
/images/0_116282758.jpg, 
/images/0_10058065.jpg, 
/images/0_101879473.jpg, 
/images/0_123040510.jpg, 
/images/0_112027.jpg, 
/images/0_108126809.jpg, 
/images/0_A8N422.jpg, 
/images/0_55845337.jpg, 
/images/0_AA043323.jpg, 
/images/0_AA019768.jpg, 
/images/0_CB040137.jpg, 
/images/0_ASP0067B.jpg, 
/images/0_AA012687.jpg, 
/images/0_OJP0002265.jpg, 
/images/0_10043044.jpg, 
/images/0_112169H.jpg, 
/images/0_73582709.jpg, 
/images/0_RVA0029B.jpg, 
/images/0_110746112.jpg, 
/images/0_71446345.jpg, 
/images/0_macorf-00055926-001.jpg, 
/images/0_AA038837.jpg, 
/images/0_554789.jpg, 
/images/0_1802R-110980.jpg, 
/images/0_16162.jpg, 
/images/0_110110982.jpg, 
/images/0_108203530.jpg, 
/images/0_112049.jpg, 
/images/0_28159.jpg, 
/images/0_CB027548.jpg, 
/images/0_85153312.jpg, 
/images/0_111045.jpg, 
/images/0_50307.jpg, 
/images/0_RL002146.jpg, 
/images/0_21482655.jpg, 
/images/0_TR000253.jpg, 
/images/0_111918955.jpg, 
s/images/0_114734926.jpg, 
/images/0_44134633.jpg, 
/images/0_1598R-9988843.jpg, 
/images/0_42-18803980.jpg, 
/images/0_200068945-001.jpg, 
/images/0_122589397.jpg, 
/images/0_shutterstock-47184769.jpg, 
/images/0_120-Y9K4JRQ4L.jpg, 
/images/0_108353679.jpg, 
/images/0_71447679.jpg, 
/images/0_TR000868.jpg, 
/images/0_E009927.jpg, 
/images/0_57577311.jpg, 
/images/0_14989171.jpg, 
/images/0_120-OHXRWRJ6.jpg, 
/images/0_122895745.jpg, 
/images/0_119559931.jpg, 
/images/0_86409562.jpg, 
/images/0_57361046.jpg, 
/images/0_NA004492.jpg, 
/images/0_101773549.jpg, 
/images/0_138722681.jpg, 
/images/0_994098-009.jpg, 
/images/0_AA019000.jpg, 
/images/0_120-Y9K4QWQ55.jpg, 
/images/0_E001915.jpg, 
/images/0_200308140-001.jpg, 
/images/0_CGE0006B.jpg, 
/images/0_TR006814.jpg, 
/images/0_200310711-001.jpg, 
/images/0_AA028369.jpg, 
/images/0_125736525.jpg, 
/images/0_6758983.jpg, 
/images/0_FD004140.jpg, 
/images/0_55845253.jpg, 
/images/0_101294170.jpg, 
/images/0_9123332-2307px.jpg, 
/images/0_101180308.jpg, 
/images/0_128871073.jpg, 
/images/0_200158457-001.jpg, 
/images/0_AHG5WR.jpg, 
/images/0_155947798.jpg, 
/images/0_AA009079.jpg, 
/images/0_111037.jpg, 
/images/0_200430418-001.jpg, 
/images/0_PT001882.jpg, 
/images/0_1436R-301604.jpg, 
/images/0_E009481.jpg, 
/images/0_SNA0041B.jpg, 
/images/0_57362367.jpg, 
/images/0_109765118.jpg, 
/images/0_200456186-001.jpg, 
/images/0_120-F2744VLQ.jpg, 
/images/0_200549910-001.jpg, 
/images/0_112026.jpg, 
/images/0_125041.jpg, 
/images/0_814728.jpg, 
/images/0_17289.jpg, 
/images/0_42-16062911.jpg, 
/images/0_dv573003.jpg, 
/images/0_1663R-23055.jpg, 
/images/0_RL002222.jpg, 
/images/0_602047.jpg, 
/images/0_afrf-00005963-001.jpg, 
/images/0_596027A.jpg, 
/images/0_TR006941.jpg, 
/images/0_112050.jpg, 
/images/0_AA010419.jpg, 
/images/0_1828R-27869.jpg, 
/images/0_120-Q6Q3Q47QQ5J.jpg, 
/images/0_120-Y9K456Q34.jpg, 
/images/0_BXP44892.jpg, 
/images/0_10036742.jpg, 
/images/0_692019.jpg, 
/images/0_108006059.jpg, 
/images/0_1598R-164993.jpg, 
/images/0_E008378.jpg, 
/images/0_10192450.jpg, 
/images/0_93678250.jpg, 
/images/0_BXP60241h.jpg, 
/images/0_57577167.jpg, 
/images/0_CB022593.jpg, 
/images/0_17220.jpg, 
/images/0_141373862.jpg, 
/images/0_comks78977.jpg, 
/images/0_55844033.jpg, 
/images/0_132309982.jpg, 
/images/0_AA019766.jpg, 
/images/0_71809053.jpg, 
/images/0_16132.jpg, 
/images/0_200288633-001.jpg, 
/images/0_124220224.jpg, 
/images/0_1889R-11676.jpg, 
/images/0_72586821.jpg, 
/images/0_10161979.jpg, 
/images/0_120-Y9KRV4Q5Q.jpg, 
/images/0_159595981.jpg, 
/images/0_138524515.jpg, 
/images/0_125053467_5.jpg, 
/images/0_119829446.jpg, 
/images/0_CB053366.jpg, 
/images/0_brxbxp44997.jpg, 
/images/0_57360963.jpg, 
/images/0_108922280.jpg, 
/images/0_115808806.jpg, 
/images/0_55843475.jpg, 
/images/0_16274.jpg, 
/images/1_65025031.jpg, 
/images/0_WL000850.jpg, 
/images/0_109408322.jpg, 
/images/0_medwt36057.jpg, 
/images/0_1672R-75033.jpg, 
/images/0_101071738.jpg, 
/images/0_134763128.jpg, 
/images/0_200468247-001.jpg, 
/images/0_108355943.jpg, 
/images/0_shutterstock-114141892.jpg, 
/images/0_129722055.jpg, 
/images/0_BXP44855.jpg, 
/images/0_15741766.jpg, 
/images/0_04008504.jpg, 
/images/0_SAL055.jpg, 
/images/0_dv1156008.jpg, 
/images/0_1815R-72854.jpg, 
/images/0_74175.jpg, 
/images/0_82356082.jpg, 
/images/0_BXP44926.jpg, 
/images/0_120-Q47RQD18.jpg, 
/images/0_1598R-10003534.jpg, 
/images/0_100577260.jpg, 
/images/0_135498042_5.jpg, 
/images/0_200235884-001.jpg, 
/images/0_BX6JHT.jpg, 
/images/0_200492500-001.jpg, 
/images/0_imsis250-254.jpg, 
/images/0_16165.jpg, 
/images/0_129216842.jpg, 
/images/0_42-16875493.jpg, 
/images/0_10073749.jpg, 
/images/0_200174630-001.jpg, 
/images/0_142058519.jpg, 
/images/0_74065535.jpg, 
/images/0_CB066497.jpg, 
/images/0_dv2128009.jpg, 
/images/0_110958297.jpg, 
/images/0_93034989.jpg, 
/images/0_TR006803.jpg, 
/images/0_112036.jpg, 
/images/0_CB047973.jpg, 
/images/1_89753227.jpg, 
/images/0_102524530.jpg, 
/images/0_200454774-001.jpg, 
/images/0_TR006934.jpg, 
/images/0_BXP41710.jpg, 
/images/0_sb10065375ac-001.jpg, 
/images/0_112005.jpg, 
/images/0_brxbxp42529.jpg, 
/images/0_200417970-001.jpg, 
/images/0_1439R-1052543.jpg, 
/images/0_1598R-10014692.jpg, 
/images/0_B5NB10.jpg, 
/images/0_5692702.jpg, 
/images/0_113041.jpg, 
/images/0_111098.jpg, 
/images/0_120-RV45QW6.jpg, 
/images/0_CB009490.jpg, 
/images/0_125081.jpg, 
/images/0_132681795.jpg, 
/images/0_71442936.jpg, 
/images/0_a0041-000618.jpg, 
/images/0_200446806-001.jpg, 
/images/1_531508.jpg, 
/images/0_12309956.jpg, 
/images/0_AA024936.jpg, 
/images/0_113020.jpg, 
/images/0_CB022890.jpg, 
/images/0_4231R-2181.jpg, 
/images/0_145648104.jpg, 
/images/0_57577323.jpg, 
/images/0_157914751.jpg, 
/images/0_146272813.jpg, 
/images/0_262003.jpg, 
/images/0_AA041642.jpg, 
/images/0_128617913.jpg, 
/images/0_73070276.jpg, 
/images/0_dv1915449.jpg, 
/images/0_113026.jpg, 
/images/0_113906935.jpg, 
/images/0_CB042310.jpg, 
/images/0_ITL0025B.jpg, 
/images/0_71808263.jpg, 
/images/0_127286861.jpg, 
/images/0_10194617.jpg, 
/images/0_105471911.jpg, 
/images/0_121536417.jpg, 
/images/0_AA009196.jpg, 
/images/0_CB032659.jpg, 
/images/0_112011.jpg, 
/images/0_brxbxp125230.jpg, 
/images/0_74165.jpg, 
/images/0_A2W48T.jpg, 
/images/0_142280847.jpg, 
/images/0_128908685.jpg, 
/images/0_157676132.jpg, 
/images/0_103680413.jpg, 
/images/0_108352463.jpg, 
/images/0_56176839.jpg, 
/images/0_200346317-001.jpg, 
/images/0_55843414.jpg, 
/images/0_10331875.jpg, 
/images/0_DTR0005B.jpg, 
/images/0_123714281.jpg, 
/images/0_79279753.jpg, 
/images/0_112468H.jpg, 
/images/0_AA043080.jpg, 
/images/0_116242663.jpg, 
/images/0_dv1576015.jpg, 
/images/0_71446331.jpg, 
/images/0_10043026.jpg, 
/images/0_C6F826.jpg, 
/images/0_74411234.jpg, 
/images/0_111041.jpg, 
/images/0_dv695036.jpg, 
/images/0_81631396.jpg, 
/images/0_96872048.jpg, 
/images/0_104918351.jpg, 
/images/0_138111763.jpg, 
/images/0_200453392-001.jpg, 
/images/0_SuperStock_1555R-325090.jpg, 
/images/0_73090957.jpg, 
/images/0_125571957.jpg, 
/images/0_TR002074.jpg, 
/images/0_BXP44536.jpg, 
/images/0_16129.jpg, 
/images/0_112126H.jpg, 
/images/0_71447717.jpg, 
/images/0_48227131.jpg, 
/images/0_55844928.jpg, 
/images/0_TR005835.jpg, 
/images/0_pdrf-00395022-001.jpg, 
/images/0_42-16419131.jpg, 
/images/0_55998613.jpg, 
/images/0_103203404.jpg, 
/images/0_120-RWQQW5Q.jpg, 
/images/0_71443256.jpg, 
/images/0_RL001618.jpg, 
/images/0_106303982.jpg, 
/images/0_GS027066.jpg, 
/images/0_AA022655.jpg, 
/images/0_74065584.jpg, 
/images/0_50058.jpg, 
/images/0_120876119.jpg, 
/images/0_114171406.jpg, 
/images/0_112309781.jpg, 
/images/0_AM5HG8.jpg, 
/images/0_SNA0045B.jpg, 
/images/0_19470253.jpg, 
/images/0_10063823.jpg, 
/images/0_BXP44483.jpg, 
/images/0_15056284.jpg, 
/images/0_140166247.jpg, 
/images/0_42-17792680.jpg, 
/images/0_134047291.jpg, 
/images/0_TR004516.jpg, 
/images/0_imsis241-060.jpg, 
/images/0_200275510-001.jpg, 
/images/0_55843957.jpg, 
/images/0_16184712.jpg, 
/images/0_112029.jpg, 
/images/0_B00T7B.jpg, 
/images/0_111958796.jpg, 
/images/0_117555091.jpg, 
/images/0_112037.jpg, 
/images/0_52031068.jpg, 
/images/0_103714724.jpg, 
/images/0_1886R-23626.jpg, 
/images/0_120-Q6Q3Q47QQ5Q.jpg, 
/images/0_129726520.jpg, 
/images/0_152803322.jpg, 
/images/0_medwt1063.jpg, 
/images/0_74411191.jpg, 
/images/0_BXP44457.jpg, 
/images/0_111032.jpg, 
/images/0_120-FMMQL5VJ.jpg, 
/images/0_TR004429.jpg, 
/images/0_DEU0007B.jpg, 
/images/0_71446282.jpg, 
/images/0_AA021040.jpg, 
/images/0_dv113056.jpg, 
/images/0_119244380.jpg, 
/images/0_57339860.jpg, 
/images/0_42-15892387.jpg, 
/images/0_120085894.jpg, 
/images/0_101742848.jpg, 
/images/0_AA015471.jpg, 
/images/0_111089.jpg, 
/images/0_73069004.jpg, 
/images/0_71809011.jpg, 
/images/0_120-RLLJ45Q.jpg, 
/images/0_120-Y9KRWRQ6W.jpg, 
/images/0_114507580.jpg, 
/images/0_ITL0059B.jpg, 
/images/0_71446299.jpg, 
/images/0_155428177.jpg, 
/images/0_16197.jpg, 
/images/0_85384738.jpg, 
/images/0_20572050.jpg, 
/images/0_FD002648.jpg, 
/images/0_120-OHXQVV53.jpg, 
/images/0_132685514.jpg, 
/images/0_77838610.jpg, 
/images/0_151138694.jpg, 
/images/0_120-QRL364.jpg, 
/images/0_118353923.jpg, 
/images/0_145779356.jpg, 
/images/0_56687219.jpg, 
/images/0_102171382.jpg, 
/images/0_104210553.jpg, 
/images/0_200171774-001.jpg, 
/images/0_WTR0070B.jpg, 
/images/0_104104610.jpg, 
/images/0_17223.jpg, 
/images/0_55958111.jpg, 
/images/0_10175838.jpg, 
/images/0_unlirf-00164093-001.jpg, 
/images/0_42-16444282.jpg, 
/images/0_200204300-001.jpg, 
/images/1_78592945.jpg, 
/images/0_4306R-1569.jpg, 
/images/0_APE0093B.jpg, 
/images/0_118324060.jpg, 
/images/0_85856666.jpg, 
/images/0_120629435.jpg, 
/images/0_136702127.jpg, 
/images/0_ADE0100B.jpg, 
/images/0_200249870-001.jpg, 
/images/0_DTR047.jpg, 
/images/0_AA035080.jpg, 
/images/0_dv1915589.jpg, 
/images/0_TR000700.jpg, 
/images/0_439004.jpg, 
/images/0_1828R-24062.jpg, 
/images/0_74075720.jpg, 
/images/0_imbrf-00088425-001.jpg, 
/images/0_56224394.jpg, 
/images/0_71810823.jpg, 
/images/0_71809257.jpg, 
/images/0_200565197-002.jpg, 
/images/0_is4086rf-00047530-001.jpg, 
/images/0_111101342.jpg, 
/images/0_dv1454023.jpg, 
/images/0_113595660.jpg, 
/images/0_113314971.jpg, 
/images/0_200380607-001.jpg, 
/images/0_128129884.jpg, 
/images/0_200465984-001.jpg, 
/images/0_shutterstock-14088043.jpg, 
/images/0_71809007.jpg, 
/images/0_103721642.jpg, 
/images/0_118846412.jpg, 
/images/0_163674598.jpg, 
/images/0_1598R-1459.jpg, 
/images/0_135971466.jpg, 
/images/0_105441092.jpg, 
/images/0_40019086.jpg, 
/images/0_137038007.jpg, 
/images/0_1439R-1117507.jpg, 
/images/0_156917050.jpg, 
/images/0_TR006056.jpg, 
/images/0_106688638.jpg, 
/images/0_CB033675.jpg, 
/images/0_56807774.jpg, 
/images/0_71809077.jpg, 
/images/0_113031.jpg, 
/images/0_1247930.jpg, 
/images/0_1436R-311289.jpg, 
/images/0_100189109.jpg, 
/images/0_LS010419.jpg, 
/images/0_BXP44880.jpg, 
/images/0_E001708.jpg, 
/images/0_144246327.jpg, 
/images/0_BXP41845h.jpg, 
/images/0_83678539.jpg, 
/images/0_71446306.jpg, 
/images/0_SP003486.jpg, 
/images/0_200122121-001.jpg, 
/images/0_115589968.jpg, 
/images/0_16222.jpg, 
/images/0_122234188.jpg, 
/images/0_55844951.jpg, 
/images/0_AA017645.jpg, 
/images/0_71809056.jpg, 
/images/0_CB064559.jpg, 
/images/0_4029r-282966.jpg, 
/images/0_133674986.jpg, 
/images/0_dv629048.jpg, 
/images/0_42-17132202.jpg, 
/images/0_ADE0034B.jpg, 
/images/0_71447687.jpg, 
/images/0_56687089.jpg, 
/images/0_200487281-001.jpg, 
/images/0_155282796.jpg, 
/images/0_dv696014.jpg, 
/images/0_77252821.jpg, 
/images/0_16104.jpg, 
/images/0_60003055.jpg, 
/images/0_19320366.jpg, 
/images/0_439069.jpg, 
/images/0_121428031.jpg, 
/images/0_57339862.jpg, 
/images/0_120-Y9K4JJQ5L.jpg, 
/images/0_151643410.jpg, 
/images/0_shutterstock_73217458.jpg, 
/images/0_AA007742.jpg, 
/images/0_71809240.jpg, 
/images/0_AA005818.jpg, 
/images/0_89140036.jpg, 
/images/0_BXP41672.jpg, 
/images/0_57452674.jpg, 
/images/0_102981956.jpg, 
/images/0_SP003163.jpg, 
/images/0_TR002426.jpg, 
/images/0_200338501-001.jpg, 
/images/0_dv679046.jpg, 
/images/0_SNA0017B.jpg, 
/images/0_55958260.jpg, 
/images/0_CB009008.jpg, 
/images/0_comks11936.jpg, 
/images/0_45695467.jpg, 
/images/0_ITL0037B.jpg, 
/images/0_112230H.jpg, 
/images/0_130568336.jpg, 
/images/0_AGG1M3.jpg, 
/images/0_144825237.jpg, 
/images/0_23053008.jpg, 
/images/0_120-RVJ445L.jpg, 
/images/0_113027.jpg, 
/images/0_dv679045.jpg, 
/images/0_FSP0042B.jpg, 
/images/0_107322539.jpg, 
/images/0_120-R3LJH-Q4Q4W.jpg, 
/images/0_55845364.jpg, 
/images/0_120-Y9KR5JQRR.jpg, 
/images/0_031639.jpg, 
/images/0_104418239.jpg, 
/images/0_120-Y9K4QWQR4.jpg, 
/images/0_1598R-10089940.jpg, 
/images/0_ISP2043354.jpg, 
/images/0_57339818.jpg, 
/images/0_10164158.jpg, 
/images/0_101170264.jpg, 
/images/0_DAF0036B.jpg, 
/images/0_55845339.jpg, 
/images/0_113043.jpg, 
/images/0_112046.jpg, 
/images/0_78708750.jpg, 
/images/0_56807851.jpg, 
/images/0_130297579.jpg, 
/images/0_113029.jpg, 
/images/0_172371312.jpg, 
/images/0_56298591.jpg,"Abu Dhabi, UAE."
/images/0_1647R-72644.jpg,"Agra, India"
/images/0_200286480-001.jpg,"Agra, India"
/images/0_113007.jpg,"Agra, India"
/images/0_TR006518.jpg,"Agra, India"
/images/0_74079.jpg,"Alamo, Texas"
/images/0_200403716-001.jpg,"Allansford, Australia"
/images/0_55845377.jpg,"Amsterdam, Netherlands"
/images/0_10652956.jpg,"Amsterdam, Netherlands"
/images/0_155331835.jpg,"Amsterdam, Netherlands"
/images/0_83196043.jpg,"Andorra la Vella, Andorra"
/images/0_RL001902.jpg,"Angkor Wat, Cambodia"
/images/0_144477717.jpg,"Ankara, Turkey"
/images/0_439008.jpg,Antigua and Barbuda
/images/0_14989144.jpg,"Armacao dos Buzios, Brazil"
/images/0_200235856-001.jpg,"Athens, Greece"
/images/0_120525595.jpg,"Auckland, New Zealand"
/images/0_109861425.jpg,"Auckland, New Zealand"
/images/0_136485678.jpg,"Bali, Indonesia"
/images/0_64806973.jpg,"Bangkok, Thailand"
/images/0_60478207.jpg,"Bangkok, Thailand"
/images/0_62735161.jpg,"Bangkok, Thailand"
/images/0_108311080.jpg,"Bangkok, Thailand"
/images/0_120-Y9KRV3QQR.jpg,"Barcelona, Spain"
/images/0_120-Y9KRV3QQV.jpg,"Barcelona, Spain"
/images/0_200458939-001.jpg,"Beijing, China"
/images/0_ILA0072B.jpg,"Beijing, China"
/images/0_71809418.jpg,"Beijing, China"
/images/0_71809262.jpg,"Beijing, China"
/images/0_104230711.jpg,"Beijing, China"
/images/0_169798314_7.jpg,Belezas Capixabas Brazil
/images/0_82910302.jpg,"Benalmadena, Spain"
/images/0_129623713.jpg,"Benidorm, Alicante, Spain"
/images/0_109433322.jpg,"Benidorm, Alicante, Spain"
/images/0_134261819.jpg,"Bergen, Norway"
/images/0_42-18803738.jpg,"Besalu, Catalonia, Spain"
/images/0_119765219.jpg,"Beverly Hills, California"
/images/0_TRE005.jpg,"Big Sur, California"
/images/0_104378734.jpg,"Bodrum, Turkey"
/images/0_11980609.jpg,"Breckenridge, Colorado"
/images/0_1815R-123290.jpg,"Brighton, England"
/images/0_100958354.jpg,"Brisbane, Queensland, Australia"
/images/0_100378454.jpg,"Brussels, Belgium"
/images/0_SO001209.jpg,"Budapest, Hungary"
/images/0_22164.jpg,"Budapest, Hungary"
/images/0_157423215.jpg,"Budapest, Hungary"
/images/0_22169.jpg,"Budapest, Hungary"
/images/0_125094176.jpg,"Cadiz, Spain"
/images/0_106037015.jpg,"Cahors, France"
/images/0_BXP44481.jpg,"Cairo, Egypt"
/images/0_115910530.jpg,"Cambridge, England"
/images/0_124664290.jpg,"Campeche, Mexico"
/images/0_113876578.jpg,"Canterbury, England"
/images/0_113032.jpg,"Castelsardo, Sardinia, Italy"
/images/0_139289624.jpg,"Chiang Mai, Thailand"
/images/0_85870297.jpg,"Chicago, Illinois"
/images/0_156452573.jpg,"Chicago, Illinois"
/images/0_1598R-10033198.jpg,"Chicago, Illinois"
/images/0_200565652-001.jpg,"Chicago, Illinois"
/images/0_AA019769.jpg,"Cincinnati, Ohio"
/images/0_108922304.jpg,"Cologne, Germany"
/images/0_120006307.jpg,"Cologne, Germany"
/images/0_106560695.jpg,"Cordes-sur-Ciel, France"
/images/0_55843420.jpg,"Cornwall, England"
/images/0_142309554.jpg,"Coronado Island, California"
/images/0_200118013-001.jpg,"Corsica, France"
/images/0_112042.jpg,Costa Rica
/images/0_57637746.jpg,"County Kerry, Ireland"
/images/0_55843472.jpg,"Cregneash, Isle of Man, British Isles"
/images/0_200266889-001.jpg,"Dallas, Texas"
/images/0_1609R-30150.jpg,"Darjeeling, India"
/images/0_114105385.jpg,"Deep Cove, North Vancouver, Canada"
/images/0_91702178.jpg,"Delhi, India"
/images/0_sb10063457ac-001.jpg,"Dubai, UAE"
/images/0_71427032.jpg,"Dubai, UAE"
/images/0_136365879.jpg,"Dubai, UAE"
/images/0_57339820.jpg,"Dublin, Ireland"
/images/0_1828R-34479.jpg,"Dubrovnik, Croatia"
/images/0_113183713.jpg,"Dusseldorf, Germany"
/images/0_108402763.jpg,"El Djem, Tunisia"
/images/0_120055131.jpg,England
/images/0_67349731.jpg,"Evanston, Illinois"
/images/0_132641264.jpg,"Florence, Italy"
/images/0_TR002614.jpg,"Florence, Italy"
/images/0_120-Y9KRL4Q4Q.jpg,"Florida Keys, Florida"
/images/0_3307506.jpg,"Fort Lauderdale, Florida"
/images/0_AA044867.jpg,Galapagos island
/images/0_133605380.jpg,"Galicia, Spain"
/images/0_E001619.jpg,"Giza, Egypt"
/images/0_16327.jpg,"Glacier Bay, Alaska"
/images/0_131343461_5.jpg,"Gothenburg, Sweden"
/images/0_1609R-32576.jpg,"Grand Canyon, Arizona"
/images/0_15820802.jpg,"Grand Canyon, Arizona"
/images/0_117080554.jpg,"Guadalmina Villa , San Pedro"
/images/0_125737853.jpg,"Guangzhou, China"
/images/0_131936543.jpg,"Guangzhou, China"
/images/0_1525R-109358.jpg,"Hana, HI"
/images/0_1436R-440325.jpg,"Hangzhou, China"
/images/0_55217233.jpg,"Harrison Hot Springs, British Columbia, Canada."
/images/0_120-Q4354L.jpg,Hawaii
/images/0_120-Y9KRJ6QJL.jpg,Hawaii
/images/0_113851787.jpg,"Helsinki, Finland"
/images/0_71446369.jpg,"Hokkaido, Japan"
/images/0_125264110.jpg,"Hong Kong, China"
/images/0_83729279.jpg,"Hong Kong, China"
/images/0_B1YJMJ.jpg,"Hong Kong, China"
/images/0_TR007171.jpg,"Hong Kong, China"
/images/0_1828R-37668.jpg,"Hong Kong, China"
/images/0_120173523.jpg,"Honolulu, Hawaii"
/images/0_164170331.jpg,"Honshu Island, Japan"
/images/0_shutterstock-95489323.jpg,"Huntington Beach, California"
/images/0_AH94BJ.jpg,Hyderabad City in India
/images/0_142866202.jpg,"Indianapolis, Indiana"
/images/0_106029239.jpg,"Isle of Capri, Italy"
/images/0_10595790-684px.jpg,"Isola Bella, Italy"
/images/1_47107969.jpg,"Istanbul, Turkey"
/images/0_DEU0099B.jpg,"Istanbul, Turkey"
/images/0_5302756.jpg,"Jaipur City, India"
/images/0_146629417.jpg,"Jaipur, India"
/images/0_105670508.jpg,"Jakarta, Indonesia"
/images/0_100201616.jpg,"Jama Masjid, Delhi"
/images/0_73243260.jpg,"Jama Masjid, India"
/images/0_52306510.jpg,"Jasper National Park, Canada"
/images/0_TR002463.jpg,Jerusalem
/images/0_16164.jpg,"Keystone, South Dakota"
/images/0_dv1254058.jpg,Ko Chang thailand
/images/0_12987415.jpg,"Krefeld, Germany"
/images/0_114507253.jpg,Kristiansand Norway
/images/0_RL002211.jpg,"Kuala Lumpur, Malaysia"
/images/0_114135004.jpg,"Kyoto city, Japan"
/images/0_129723834.jpg,"Kyoto city, Japan"
/images/0_RL000026.jpg,"Kyoto, Japan"
/images/0_130064183.jpg,"La Gomera, Spain"
/images/0_42-15450743.jpg,"La Spezia, Italy"
/images/0_109906237.jpg,"Lake Garda, Italy"
/images/0_10123245.jpg,"Laos, Vietnam"
/images/0_71590564.jpg,"Las Palmas, Spain"
/images/0_18305699.jpg,"Las Vegas, Nevada"
/images/0_200298896-001.jpg,"Las Vegas, Nevada"
/images/0_71442363.jpg,"Las Vegas, Nevada"
/images/0_16252.jpg,"Las Vegas, Nevada"
/images/0_71442357.jpg,"Las Vegas, Nevada"
/images/0_127734638.jpg,"Las Vegas, Nevada"
/images/0_128138496.jpg,"Las Vegas, Nevada"
/images/0_42-15704626.jpg,"Las Vegas, Nevada"
/images/0_CB038811.jpg,"Las Vegas, NV"
/images/0_74065560.jpg,"Leiden, Netherlands"
/images/0_medwt6019.jpg,"Liguria, Italy"
/images/0_D2K6WF.jpg,"Lima, Peru"
/images/0_BX6D9F.jpg,"Lloret de Mar,  Catalonia"
/images/0_AA023422.jpg,London England
/images/0_125048468.jpg,"London, England"
/images/0_602058.jpg,"London, England"
/images/0_120-Y9KR45QL4.jpg,"London, England"
/images/0_107597459.jpg,"London, England"
/images/0_200381515-001.jpg,"London, England"
/images/0_AA009343.jpg,"London, England"
/images/0_55843442.jpg,"London, England"
/images/0_18535331.jpg,"London, England"
/images/0_200368935-001.jpg,"London, England"
/images/0_157560239.jpg,"London, England"
/images/0_155445858_5.jpg,"Los Angeles, California"
/images/0_16271.jpg,"Los Angeles, California"
/images/0_24885337.jpg,"Lourdes, France"
/images/0_tpgirf-00000103-001.jpg,"Lviv, Ukraine"
/images/0_154490893_7.jpg,"Maceio, Brazil"
/images/0_112041.jpg,"Machu Picchu, Peru"
/images/0_112040.jpg,"Madeira Islands, Portugal"
/images/0_1609R-30042.jpg,"Madhya Pradesh, India"
/images/0_1598R-9975585.jpg,"Madrid, Spain"
/images/0_55844029.jpg,"Madrid, Spain"
/images/0_200553483-001.jpg,"Madurai, India"
/images/0_113555190.jpg,Maldives
/images/0_100441105.jpg,Malta
/images/0_125810687.jpg,"Marina South, Singapore"
/images/0_157305896.jpg,"Marrakech, Morocco"
/images/0_113049.jpg,"Marrakech, Morocco"
/images/0_TR003584.jpg,"Marseille, France"
/images/0_73068289.jpg,"Marseille, France"
/images/0_TR003224.jpg,"Marseille, France"
/images/0_120-Q6QJ4WCQQJR.jpg,"Maui, Hawaii"
/images/0_108225021.jpg,Melbourne Australia
/images/0_118693849.jpg,"Melbourne, Australia"
/images/0_cc1-00000310-001.jpg,"Melbourne, Australia"
/images/0_103097519.jpg,"Merida, Spain"
/images/0_WTR0088B.jpg,Mexico City
/images/0_99801833.jpg,"Miami, FL"
/images/0_10178911.jpg,"Miami, Florida"
/images/0_135271716.jpg,"Miami, Florida"
/images/0_81535903.jpg,"Mijas, Spain"
/images/0_122642468.jpg,"Milan, Italy"
/images/0_43297381.jpg,"Milan, Italy"
/images/0_60471586.jpg,"Milan, Italy."
/images/0_42-17401763.jpg,"Minneapolis, Minnesota"
/images/0_BXP60250h.jpg,"Moscow, Russia"
/images/0_200401096-001.jpg,"Mount Rainier, Washington"
/images/0_107769056.jpg,"Mumbai, India"
/images/0_158891597.jpg,Myeongdong South Korea
/images/0_1815R-98383.jpg,"Mysore, India"
/images/0_71446301.jpg,"Nara, Japan"
/images/0_102131435.jpg,"New Delhi, India"
/images/0_16125.jpg,"New Orleans, Louisiana"
/images/0_24482292.jpg,New York
/images/0_10058023NY.jpg,New York City
/images/0_10058008.jpg,New York City
/images/0_CB011155.jpg,New York City
/images/0_CB050125.jpg,New York City
/images/0_107191602.jpg,New York City
/images/0_74009.jpg,"New York City, New York"
/images/0_200133544-001.jpg,"New York City, New York"
/images/0_142564861_75.jpg,"New York City, New York"
/images/0_200117380-001.jpg,"New York City, New York"
/images/0_1828R-43651.jpg,"New York City, New York"
/images/0_120-QRW5L3.jpg,"New York City, New York"
/images/0_CB054890.jpg,"New York City, New York"
/images/0_79123409.jpg,"New York City, New York"
/images/0_56402771.jpg,"New York City, NY"
/images/0_56402526.jpg,"New York City, NY"
/images/0_113017.jpg,Niagara Falls
/images/0_1802R-114093.jpg,"Nishinomiya, Japan"
/images/0_136327566_5.jpg,"Nishinomiya, Japan"
/images/0_113928664.jpg,"Okanagan Valley, British Columbia, Canada"
/images/0_SNA0098B.jpg,Ontario Canada
/images/0_151259661.jpg,Ooty India
/images/0_40670365.jpg,"Orihuela, Spain"
/images/0_1802R-136709.jpg,"Osaka, Japan"
/images/0_4029r-90987.jpg,"Osaka, Japan"
/images/0_116379158.jpg,"Palma, Mallorca"
/images/0_157680208.jpg,"Panama City, Panama"
/images/0_125132546.jpg,"Pang Ung, Thailand"
/images/0_FSP0011B.jpg,Paris France
/images/0_42-15682346.jpg,"Paris, France"
/images/0_17276.jpg,"Paris, France"
/images/0_101370463.jpg,"Paris, France"
/images/0_122450038.jpg,"Paris, France"
/images/0_17278.jpg,"Paris, France"
/images/0_22257.jpg,"Paris, France"
/images/0_136594943.jpg,"Paris, France"
/images/0_RL000908.jpg,"Paris, France"
/images/0_77252678.jpg,"Petra, Jordan"
/images/0_dv676037.jpg,"Philadelphia, Pennsylvania"
/images/0_1815R-83504.jpg,"Playa del Ingles, Gran Canaria"
/images/0_163367868.jpg,"Poitiers, France"
/images/0_123337441.jpg,"Prachuap Khiri Khan, Thailand"
/images/0_AA011533.jpg,"Prague, Czech Republic"
/images/0_10142743.jpg,"Prague, Czech Republic"
/images/0_200310749-001.jpg,"Providence, Rhode Island"
/images/0_1439R-1128879.jpg,"Puerto del Carmen, Lanzarote"
/images/1_24831001.jpg,"Qingdao, China"
/images/0_1647R-177553.jpg,"Queensland, Australia"
/images/0_42-21026881.jpg,"Queensland, Australia"
/images/0_144761924_5.jpg,"Queensland, Australia"
/images/0_LS014403.jpg,"Rajasthan, India"
/images/0_111812365_4.jpg,"Rio de Janeiro, Brazil"
/images/0_AA010601.jpg,"Rio De Janeiro, Brazil"
/images/0_144166512_4.jpg,"Rio de Janeiro, Brazil"
/images/0_42-15450751.jpg,"Rome, Italy"
/images/0_dv417158.jpg,"Rome, Italy"
/images/0_10083979.jpg,"Rome, Italy"
/images/0_22711284.jpg,"Rome, Italy"
/images/0_120-Y9K4QRQ4L.jpg,"Rome, Italy"
/images/0_ITL0019B.jpg,"Rome, Italy"
/images/0_142797940.jpg,"Sabah, Malaysia"
/images/0_120-RV454J3.jpg,"Salvage, Newfoundland, Canada"
/images/0_1799R-5255.jpg,"San Antonio, TX"
/images/0_RF5177797.jpg,"San Antonio, TX"
/images/0_87952138.jpg,"San Carlos de Bariloche, Argentina"
/images/0_125140834_5.jpg,"San Diego, CA"
/images/0_74196.jpg,"San Francisco, CA"
/images/0_SNA0075B.jpg,"San Francisco, California"
/images/0_111267044.jpg,"San Francisco, California"
/images/0_10169911.jpg,"San Francisco, California"
/images/0_200419196-001.jpg,"San Francisco, California"
/images/0_42-15351936.jpg,"San Francisco, California"
/images/0_TR004694.jpg,"San Francisco, California"
/images/0_AA024250.jpg,"San Francisco, California"
/images/0_56143819.jpg,"San Francisco, California"
/images/0_128098937.jpg,"San Pedro, Belize"
/images/0_200508417-001.jpg,Sanaa Yemen
/images/0_74113.jpg,"Santa Fe, New Mexico"
/images/0_84951157.jpg,"Santa Monica, California"
/images/0_dv676234.jpg,"Santiago de Compostela, Spain"
/images/0_18163706.jpg,"Santiago de Compostela, Spain"
/images/0_dv1159001.jpg,Santorini Greece
/images/0_108278601.jpg,"Sao Paulo, Brazil"
/images/0_71446325.jpg,"Sapporo, Japan"
/images/0_91915166.jpg,"Scottsdale, Arizona"
/images/0_74214726.jpg,"Seattle, Washington"
/images/0_16322.jpg,"Seattle, Washington"
/images/0_10015637.jpg,"Sedona, Arizona"
/images/0_1828R-27003.jpg,"Sedona, Arizona"
/images/0_37513438.jpg,"Selangor, Malaysia"
/images/0_200166263-001.jpg,"Seoul, South Korea"
/images/0_57361027.jpg,"Shanghai, China"
/images/0_200221059-001.jpg,"Shanghai, China"
/images/0_125256844.jpg,"Shanxi, China"
/images/1_31102606.jpg,"Sharm el sheikh, Egypt"
/images/0_143602100.jpg,"Shimla, India"
/images/0_40541452.jpg,"Sicily, Italy"
/images/0_1609R-30131.jpg,"Sikkim, India"
/images/0_120-QJQV64.jpg,Singapore
/images/0_22620248.jpg,"Smygehuk, Sweden"
/images/0_1936776.jpg,"Souillac, France"
/images/0_102051816.jpg,South Korea
/images/0_23898328.jpg,Spain
/images/0_74132.jpg,"Springdale, Utah"
/images/0_16245.jpg,"Springdale, Utah"
/images/0_108963977.jpg,"Springdale, Utah, USA"
/images/0_128294924.jpg,Sri Lanka
/images/0_glo1-00046632-001.jpg,"St Augustine, Florida"
/images/0_AA019771.jpg,"St. Louis, Missouri"
/images/1_85740415.jpg,"Stockholm, Sweden"
/images/0_AA024238.jpg,"Stonehenge, Amesbury UK"
/images/0_C3MJNA.jpg,"Stuttgart, Germany"
/images/0_131015369.jpg,"Sussex, England"
/images/0_TR002745.jpg,Switzerland
/images/0_ILA0094B.jpg,"Sydney, Australia"
/images/0_146703970.jpg,"Sydney, Australia"
/images/0_15897263.jpg,"Sydney, Australia"
/images/0_TR007347.jpg,"Sydney, Australia"
/images/0_1436R-297417.jpg,"Sydney, Australia"
/images/0_sb10064247l-001.jpg,"Sydney, Australia"
/images/0_10034953.jpg,"Sydney, Australia"
/images/0_TR000720.jpg,"Tal Aviv, Israel"
/images/0_1527R-1134173.jpg,"Tangier, Morocco"
/images/0_DAF0042B.jpg,"Tanzania, Africa"
/images/0_150844444.jpg,Thailand
/images/0_133965775_75.jpg,Thailand
/images/0_114907855.jpg,The abandoned set of Star Wars
/images/0_1657R-15287.jpg,Tirumala India
/images/0_144478146_4.jpg,"Tokyo, Japan"
/images/0_124259250_4.jpg,"Tokyo, Japan"
/images/0_B6TNPP.jpg,"Taipei, Taiwan"
/images/0_107027398_4.jpg,"Tokyo, Japan"
/images/0_1828R-34210.jpg,"Toronto, Canada"
/images/0_dv676142.jpg,"Toronto, Canada"
/images/0_129832472.jpg,"Troms County, Norway"
/images/0_40724380.jpg,"Trujillo, Spain"
/images/0_20675106.jpg,"Turin, Italy"
/images/0_15511147.jpg,"Turin, Italy"
/images/0_113039.jpg,"Tuscany, Italy"
/images/0_105943561.jpg,"Umm al-Maa, Ubari Sand Sea, Libya"
/images/0_132959039.jpg,"Venice, Italy"
/images/0_CB0629295.jpg,"Venice, Italy"
/images/0_120228579.jpg,"Venice, Italy"
/images/0_200235921-001.jpg,"Venice, Italy"
/images/0_126033078.jpg,"Venice, Italy"
/images/0_51225082.jpg,"Venice, Italy"
/images/0_131735759.jpg,"Venice, Italy"
/images/0_EVA0025B.jpg,"Venice, Italy"
/images/0_129727256.jpg,"Verona, Italy"
/images/0_22177.jpg,"Versailles, France"
/images/0_55844985.jpg,"Waikiki, Hawaii"
/images/0_APE0019B.jpg,Washington  D.C.
/images/0_SNA0086B.jpg,Washington D.C.
/images/0_42-15454019.jpg,"Washington D.C., USA"
/images/0_82851432.jpg,"Washington, DC"
/images/0_659670.jpg,"Washington, DC"
/images/0_439042.jpg,"Willemstad, Curacao"
/images/0_101644672.jpg,"Woods Hole, Cape Cod"
/images/0_134435390.jpg,"Xian, China"
/images/0_143061368.jpg,"Yamashini, Japan"
/images/0_14489795.jpg,"Yosemite Valley, CA"
/images/0_200567875-001.jpg,"Yucatan, Mexico"
/images/0_1663R-59624.jpg,"Yucatan, Mexico"
/images/0_CB035885.jpg,"Yucatan, Mexico"
/images/0_DME0096E.jpg,"Yucatan, Mexico"
/images/0_icrf-00007853-001.jpg,"Zakopane, Poland"
/images/0_AA030294.jpg,
/images/0_148291399.jpg,
/images/0_dv582008.jpg,
/images/0_200177025-001.jpg,
/images/0_dv267083f.jpg,
/images/0_120-Q6QJ4WCQQ4W.jpg,
/images/0_21693094.jpg,
/images/0_ITL0084B.jpg,
/images/0_157834496.jpg,
/images/0_42-15683113.jpg,
/images/0_133691624.jpg,
/images/0_142982908.jpg,
/images/0_111073.jpg,
/images/0_112014.jpg,
/images/0_120-ESQ4J63.jpg,
/images/0_55844265.jpg,
/images/0_42-15868919.jpg,
/images/0_dv802127.jpg,
/images/0_71442396.jpg,
/images/0_112112H.jpg,
/images/0_16013.jpg,
/images/0_139560784.jpg,
/images/0_200392753-001.jpg,
/images/0_56810422.jpg,
/images/0_200386606-001.jpg,
/images/0_200126032-001.jpg,
/images/0_57157887.jpg,
/images/0_1518356.jpg,
/images/0_1436R-304332.jpg,
/images/0_134680934.jpg,
/images/0_200375306-001.jpg,
/images/0_1525R-205450.jpg,
/images/0_104437409.jpg,
/images/0_BXP44451.jpg,
/images/0_74072.jpg,
/images/0_16283.jpg,
/images/0_140089714.jpg,
/images/0_42-15731408.jpg,
/images/0_51322.jpg,
/images/0_71809071.jpg,
/images/0_35453341.jpg,
/images/0_150781576.jpg,
/images/0_141976246.jpg,
/images/0_114015.jpg,
/images/0_42-27691728.jpg,
/images/0_200205814-001.jpg,
/images/0_22269.jpg,
/images/0_BK9FGE.jpg,
/images/0_116718733.jpg,
/images/0_13374944.jpg,
/images/0_506045.jpg,
/images/0_108365115.jpg,
/images/0_1439R-1152921.jpg,
/images/0_131251598.jpg,
/images/0_shutterstock-76068313.jpg,
/images/0_153157346.jpg,
/images/0_200148005-001.jpg,
/images/0_157140397_5.jpg,
/images/0_33174484.jpg,
/images/0_200273675-001.jpg,
/images/0_200279080-001.jpg,
/images/0_146599826.jpg,
/images/0_dv031205.jpg,
/images/0_200335047-001.jpg,
/images/0_17830075.jpg,
/images/0_353006.jpg,
/images/0_55843462.jpg,
/images/0_162524144.jpg,
/images/0_146827300.jpg,
/images/0_10095481.jpg,
/images/0_200521497-001.jpg,
/images/0_ACFAF9.jpg,
/images/0_90783358.jpg,
/images/0_142552603.jpg,
/images/0_602005.jpg,
/images/0_200167089-001.jpg,
/images/0_TR000609.jpg,
/images/0_BA1HDN.jpg,
/images/0_114392985.jpg,
/images/0_TR002534.jpg,
/images/0_168484476.jpg,
/images/0_17219.jpg,
/images/0_200008.jpg,
/images/0_dv696025.jpg,
/images/0_200393156-001.jpg,
/images/0_1506919.jpg,
/images/0_57157876.jpg,
/images/0_17176.jpg,
/images/0_17290.jpg,
/images/0_113037.jpg,
/images/0_112007.jpg,
/images/0_119991027.jpg,
/images/0_57339824.jpg,
/images/0_1889R-73528.jpg,
/images/0_131628856.jpg,
/images/0_1802R-12063.jpg,
/images/0_158695495_5.jpg,
/images/0_10186223.jpg,
/images/0_133778504.jpg,
/images/0_CB064163.jpg,
/images/0_15053402.jpg,
/images/0_57577176.jpg,
/images/0_146463259.jpg,
/images/0_200381203-001.jpg,
/images/0_150644155.jpg,
/images/0_104503562.jpg,
/images/0_dv617050.jpg,
/images/0_132038747.jpg,
/images/0_dv029121.jpg,
/images/0_120-RV4J6W5.jpg,
/images/0_150181819_5.jpg,
/images/0_B4J46X.jpg,
/images/0_200389310-001.jpg,
/images/0_57362406.jpg,
/images/0_E007749.jpg,
/images/0_dv1715224.jpg,
/images/0_200027311-001.jpg,
/images/0_sb10067668e-001.jpg,
/images/0_120-RVJJ6VL.jpg,
/images/0_200142560-001.jpg,
/images/0_57360969.jpg,
/images/0_150071490.jpg,
/images/0_133795801.jpg,
/images/0_150845441.jpg,
/images/0_151295361_75.jpg,
/images/0_16179.jpg,
/images/0_506043.jpg,
/images/0_56807419.jpg,
/images/0_10159356.jpg,
/images/0_133617774.jpg,
/images/0_22318.jpg,
/images/0_BRI094B.jpg,
/images/0_111087.jpg,
/images/0_1598R-213684.jpg,
/images/0_131628836.jpg,
/images/0_105385619.jpg,
/images/0_55843333.jpg,
/images/0_107238702_75.jpg,
/images/0_200120937-001.jpg,
/images/0_120-Y9K4J5Q5R.jpg,
/images/0_157678346.jpg,
/images/0_74065725.jpg,
/images/0_18947284.jpg,
/images/0_402127.jpg,
/images/0_17203.jpg,
/images/0_19758215.jpg,
/images/0_dv511004.jpg,
/images/0_CB109184.jpg,
/images/0_242004.jpg,
/images/0_130011376.jpg,
/images/0_ISP2043331.jpg,
/images/0_200408871-001.jpg,
/images/0_AG001390.jpg,
/images/0_igs-00141261-001.jpg,
/images/0_1802R-149697.jpg,
/images/0_1397R-72878.jpg,
/images/0_200286123-001.jpg,
/images/0_1439R-1138556.jpg,
/images/0_151540911_7.jpg,
/images/0_ITL0094B.jpg,
/images/0_AA002957.jpg,
/images/0_16195.jpg,
/images/0_E007807.jpg,
/images/0_19861111.jpg,
/images/0_156948648.jpg,
/images/0_137902622.jpg,
/images/0_141475874.jpg,
/images/0_50071.jpg,
/images/0_200027668-001.jpg,
/images/0_111049.jpg,
/images/0_25577431.jpg,
/images/0_16115.jpg,
/images/0_42-15525362.jpg,
/images/0_132292844.jpg,
/images/0_CGE0004B.jpg,
/images/0_16167.jpg,
/images/0_110007932.jpg,
/images/0_56350375.jpg,
/images/0_129900644.jpg,
/images/0_168450135.jpg,
/images/0_112019.jpg,
/images/0_17143.jpg,
/images/0_200389391-001.jpg,
/images/0_CB067161.jpg,
/images/0_144697406_5.jpg,
/images/0_medwt1022.jpg,
/images/0_56347272.jpg,
/images/0_AA024237.jpg,
/images/0_155279702.jpg,
/images/0_17199.jpg,
/images/0_71808228.jpg,
/images/0_200403732-001.jpg,
/images/0_1397R-72800.jpg,
/images/0_130160274.jpg,
/images/0_71809017.jpg,
/images/0_17230.jpg,
/images/0_71442471.jpg,
/images/0_154006258.jpg,
/images/0_167280410_7.jpg,
/images/0_shutterstock_111887177.jpg,
/images/0_17174.jpg,
/images/0_143416534.jpg,
/images/0_74411201.jpg,
/images/0_1397R-74220.jpg,
/images/0_17050436.jpg,
/images/0_SP001408.jpg,
/images/0_439026.jpg,
/images/0_130865530.jpg,
/images/0_17157.jpg,
/images/0_107641667.jpg,
/images/0_131486353.jpg,
/images/0_200467703-001.jpg,
/images/0_16168.jpg,
/images/0_200362409-001.jpg,
/images/0_157420198.jpg,
/images/0_151374235_7.jpg,
/images/0_1848R-510310.jpg,
/images/0_106287047.jpg,
/images/0_119844145.jpg,
/images/0_50262.jpg,
/images/0_200238054-001.jpg,
/images/0_135333113.jpg,
/images/0_17165.jpg,
/images/0_ASP0059B.jpg,
/images/0_CGE0047B.jpg,
/images/0_74135.jpg,
/images/0_144702918_7.jpg,
/images/0_57361363.jpg,
/images/0_602097.jpg,
/images/0_16333.jpg,
/images/0_200128513-001.jpg,
/images/0_139182218.jpg,
/images/0_57577542.jpg,
/images/0_112039.jpg,
/images/0_155587072.jpg,
/images/0_AA053658.jpg,
